Keyword,Field
antigenic,Immunology
disease,Medical Sciences
biology,Biological and Biomedical Research
biochemistry,Biological and Biomedical Research
antigen,Immunology
hospitalized,Medical Sciences
infection,Medical Sciences
cellular,Biological and Biomedical Research
spread,Epidemiology and Public Health
circulating,Medical Sciences
incidence,Epidemiology and Public Health
parasite,Parasitology and Tropical Medicine
epidemiology,Epidemiology and Public Health
biomedical,Biological and Biomedical Research
treatment,Medical Sciences
hospitalised,Medical Sciences
immune,Immunology
immunology,Immunology
parasitology,Parasitology and Tropical Medicine
population,Epidemiology and Public Health
schistosoma,Parasitology and Tropical Medicine
prevalence,Epidemiology and Public Health
